timestamp,model,accuracy,macro_f1,weighted_f1,precision_class_0,recall_class_0,f1_class_0,precision_class_1,recall_class_1,f1_class_1,precision_class_2,recall_class_2,f1_class_2,precision_class_3,recall_class_3,f1_class_3,precision_class_4,recall_class_4,f1_class_4
2026-10-01 21:59:20,XGBClassifier,0.587,0.4148,0.5991,0.8732,0.7561,0.8105,0.551,0.5094,0.5294,0.28,0.3182,0.2979,0.3529,0.5714,0.4364,0.0,0.0,0.0
2026-10-01 21:59:47,XGBClassifier,0.587,0.4148,0.5991,0.8732,0.7561,0.8105,0.551,0.5094,0.5294,0.28,0.3182,0.2979,0.3529,0.5714,0.4364,0.0,0.0,0.0
2026-10-01 22:00:51,XGBClassifier,0.587,0.4148,0.5991,0.8732,0.7561,0.8105,0.551,0.5094,0.5294,0.28,0.3182,0.2979,0.3529,0.5714,0.4364,0.0,0.0,0.0
2026-10-01 22:21:42,XGBClassifier_RandomSearch_accuracy,0.625,0.4181,0.6182,0.8118,0.8415,0.8263,0.6078,0.5849,0.5962,0.3636,0.3636,0.3636,0.28,0.3333,0.3043,0.0,0.0,0.0
2026-10-01 22:25:25,XGBClassifier_RandomSearch_f1macro,0.5598,0.4131,0.5746,0.8493,0.7561,0.8,0.5556,0.4717,0.5102,0.2273,0.2273,0.2273,0.25,0.4762,0.3279,0.25,0.1667,0.2
2026-10-01 22:34:51,XGBClassifier,0.587,0.4148,0.5991,0.8732,0.7561,0.8105,0.551,0.5094,0.5294,0.28,0.3182,0.2979,0.3529,0.5714,0.4364,0.0,0.0,0.0
2026-10-01 22:45:01,XGBClassifier,0.587,0.4148,0.5991,0.8732,0.7561,0.8105,0.551,0.5094,0.5294,0.28,0.3182,0.2979,0.3529,0.5714,0.4364,0.0,0.0,0.0
2026-10-01 22:46:20,XGBClassifier_RandomSearch_accuracy,0.625,0.4181,0.6182,0.8118,0.8415,0.8263,0.6078,0.5849,0.5962,0.3636,0.3636,0.3636,0.28,0.3333,0.3043,0.0,0.0,0.0
2026-10-01 22:46:54,XGBClassifier_RandomSearch_f1macro,0.5598,0.4131,0.5746,0.8493,0.7561,0.8,0.5556,0.4717,0.5102,0.2273,0.2273,0.2273,0.25,0.4762,0.3279,0.25,0.1667,0.2
